maker_id,maker_name,experience_level,previous_launches
1,Maker_1,Novice,0
2,Maker_2,Novice,1
3,Maker_3,Novice,1
4,Maker_4,Expert,0
5,Maker_5,Experienced,6
6,Maker_6,Novice,4
7,Maker_7,Intermediate,0
8,Maker_8,Experienced,0
9,Maker_9,Intermediate,1
10,Maker_10,Novice,0
11,Maker_11,Novice,2
12,Maker_12,Intermediate,0
13,Maker_13,Expert,1
14,Maker_14,Intermediate,0
15,Maker_15,Novice,0
16,Maker_16,Novice,2
17,Maker_17,Experienced,1
18,Maker_18,Experienced,8
19,Maker_19,Intermediate,5
20,Maker_20,Intermediate,0
21,Maker_21,Novice,0
22,Maker_22,Experienced,4
23,Maker_23,Experienced,6
24,Maker_24,Novice,4
25,Maker_25,Experienced,0
26,Maker_26,Novice,10
27,Maker_27,Novice,0
28,Maker_28,Novice,3
29,Maker_29,Novice,6
30,Maker_30,Novice,0
31,Maker_31,Intermediate,6
32,Maker_32,Intermediate,0
33,Maker_33,Intermediate,8
34,Maker_34,Novice,0
35,Maker_35,Novice,7
36,Maker_36,Intermediate,0
37,Maker_37,Novice,3
38,Maker_38,Novice,1
39,Maker_39,Experienced,1
40,Maker_40,Experienced,0
41,Maker_41,Experienced,3
42,Maker_42,Intermediate,0
43,Maker_43,Novice,1
44,Maker_44,Intermediate,0
45,Maker_45,Novice,7
46,Maker_46,Intermediate,0
47,Maker_47,Novice,0
48,Maker_48,Experienced,0
49,Maker_49,Novice,1
50,Maker_50,Expert,0
51,Maker_51,Experienced,1
52,Maker_52,Intermediate,5
53,Maker_53,Experienced,3
54,Maker_54,Intermediate,1
55,Maker_55,Experienced,0
56,Maker_56,Intermediate,2
57,Maker_57,Experienced,0
58,Maker_58,Intermediate,3
59,Maker_59,Expert,0
60,Maker_60,Intermediate,1
61,Maker_61,Intermediate,0
62,Maker_62,Experienced,5
63,Maker_63,Experienced,0
64,Maker_64,Intermediate,1
65,Maker_65,Novice,0
66,Maker_66,Intermediate,3
67,Maker_67,Expert,6
68,Maker_68,Experienced,1
69,Maker_69,Experienced,1
70,Maker_70,Novice,6
71,Maker_71,Intermediate,1
72,Maker_72,Intermediate,1
73,Maker_73,Experienced,1
74,Maker_74,Novice,2
75,Maker_75,Experienced,0
76,Maker_76,Intermediate,4
77,Maker_77,Novice,1
78,Maker_78,Novice,0
79,Maker_79,Novice,3
80,Maker_80,Intermediate,0
81,Maker_81,Novice,0
82,Maker_82,Novice,2
83,Maker_83,Experienced,5
84,Maker_84,Novice,5
85,Maker_85,Novice,7
86,Maker_86,Intermediate,5
87,Maker_87,Intermediate,0
88,Maker_88,Experienced,0
89,Maker_89,Intermediate,4
90,Maker_90,Experienced,0
91,Maker_91,Intermediate,2
92,Maker_92,Novice,2
93,Maker_93,Novice,0
94,Maker_94,Intermediate,6
95,Maker_95,Novice,1
96,Maker_96,Experienced,1
97,Maker_97,Intermediate,10
98,Maker_98,Novice,1
99,Maker_99,Novice,0
100,Maker_100,Novice,1
101,Maker_101,Intermediate,4
102,Maker_102,Intermediate,3
103,Maker_103,Intermediate,3
104,Maker_104,Novice,3
105,Maker_105,Intermediate,0
106,Maker_106,Experienced,5
107,Maker_107,Novice,5
108,Maker_108,Intermediate,0
109,Maker_109,Expert,0
110,Maker_110,Novice,8
111,Maker_111,Intermediate,5
112,Maker_112,Novice,5
113,Maker_113,Intermediate,5
114,Maker_114,Novice,1
115,Maker_115,Expert,2
116,Maker_116,Experienced,1
117,Maker_117,Experienced,0
118,Maker_118,Experienced,3
119,Maker_119,Intermediate,1
120,Maker_120,Intermediate,2
121,Maker_121,Experienced,1
122,Maker_122,Expert,1
123,Maker_123,Intermediate,0
124,Maker_124,Expert,0
125,Maker_125,Intermediate,0
126,Maker_126,Intermediate,0
127,Maker_127,Intermediate,8
128,Maker_128,Novice,0
129,Maker_129,Novice,0
130,Maker_130,Novice,1
131,Maker_131,Intermediate,2
132,Maker_132,Novice,0
133,Maker_133,Intermediate,3
134,Maker_134,Expert,3
135,Maker_135,Novice,0
136,Maker_136,Intermediate,0
137,Maker_137,Novice,7
138,Maker_138,Novice,4
139,Maker_139,Experienced,2
140,Maker_140,Intermediate,0
141,Maker_141,Experienced,1
142,Maker_142,Novice,1
143,Maker_143,Intermediate,0
144,Maker_144,Novice,1
145,Maker_145,Novice,2
146,Maker_146,Novice,0
147,Maker_147,Novice,3
148,Maker_148,Novice,4
149,Maker_149,Novice,0
150,Maker_150,Expert,4
151,Maker_151,Novice,0
152,Maker_152,Novice,4
153,Maker_153,Novice,0
154,Maker_154,Intermediate,0
155,Maker_155,Novice,2
156,Maker_156,Experienced,1
157,Maker_157,Expert,6
158,Maker_158,Novice,0
159,Maker_159,Intermediate,0
160,Maker_160,Novice,1
161,Maker_161,Intermediate,1
162,Maker_162,Intermediate,0
163,Maker_163,Novice,2
164,Maker_164,Novice,3
165,Maker_165,Intermediate,5
166,Maker_166,Intermediate,8
167,Maker_167,Novice,0
168,Maker_168,Intermediate,3
169,Maker_169,Intermediate,0
170,Maker_170,Experienced,2
171,Maker_171,Novice,1
172,Maker_172,Experienced,10
173,Maker_173,Intermediate,3
174,Maker_174,Novice,7
175,Maker_175,Intermediate,4
176,Maker_176,Intermediate,6
177,Maker_177,Expert,4
178,Maker_178,Novice,1
179,Maker_179,Intermediate,0
180,Maker_180,Novice,0
181,Maker_181,Expert,0
182,Maker_182,Novice,1
183,Maker_183,Expert,1
184,Maker_184,Expert,1
185,Maker_185,Novice,8
186,Maker_186,Experienced,6
187,Maker_187,Expert,0
188,Maker_188,Novice,0
189,Maker_189,Intermediate,1
190,Maker_190,Intermediate,0
191,Maker_191,Novice,3
192,Maker_192,Novice,1
193,Maker_193,Novice,1
194,Maker_194,Novice,5
195,Maker_195,Intermediate,4
196,Maker_196,Novice,0
197,Maker_197,Experienced,3
198,Maker_198,Experienced,1
199,Maker_199,Novice,0
200,Maker_200,Intermediate,0
201,Maker_201,Intermediate,1
202,Maker_202,Expert,0
203,Maker_203,Novice,0
204,Maker_204,Novice,2
205,Maker_205,Expert,3
206,Maker_206,Expert,0
207,Maker_207,Experienced,0
208,Maker_208,Experienced,4
209,Maker_209,Novice,0
210,Maker_210,Intermediate,7
211,Maker_211,Novice,2
212,Maker_212,Novice,0
213,Maker_213,Experienced,0
214,Maker_214,Novice,0
215,Maker_215,Intermediate,0
216,Maker_216,Expert,0
217,Maker_217,Novice,2
218,Maker_218,Expert,0
219,Maker_219,Expert,1
220,Maker_220,Intermediate,1
221,Maker_221,Novice,0
222,Maker_222,Novice,0
223,Maker_223,Intermediate,0
224,Maker_224,Novice,0
225,Maker_225,Novice,3
226,Maker_226,Expert,0
227,Maker_227,Novice,3
228,Maker_228,Experienced,1
229,Maker_229,Novice,1
230,Maker_230,Intermediate,1
231,Maker_231,Expert,3
232,Maker_232,Novice,0
233,Maker_233,Novice,0
234,Maker_234,Intermediate,1
235,Maker_235,Experienced,0
236,Maker_236,Intermediate,1
237,Maker_237,Novice,2
238,Maker_238,Novice,1
239,Maker_239,Expert,2
240,Maker_240,Expert,1
241,Maker_241,Intermediate,3
242,Maker_242,Experienced,3
243,Maker_243,Intermediate,1
244,Maker_244,Intermediate,2
245,Maker_245,Novice,5
246,Maker_246,Intermediate,1
247,Maker_247,Intermediate,1
248,Maker_248,Novice,3
249,Maker_249,Intermediate,1
250,Maker_250,Experienced,0
251,Maker_251,Intermediate,5
252,Maker_252,Intermediate,0
253,Maker_253,Expert,3
254,Maker_254,Novice,3
255,Maker_255,Intermediate,7
256,Maker_256,Experienced,0
257,Maker_257,Intermediate,1
258,Maker_258,Novice,1
259,Maker_259,Novice,0
260,Maker_260,Experienced,0
261,Maker_261,Intermediate,1
262,Maker_262,Experienced,1
263,Maker_263,Intermediate,0
264,Maker_264,Intermediate,2
265,Maker_265,Experienced,3
266,Maker_266,Intermediate,3
267,Maker_267,Novice,6
268,Maker_268,Intermediate,1
269,Maker_269,Experienced,7
270,Maker_270,Novice,5
271,Maker_271,Novice,0
272,Maker_272,Novice,0
273,Maker_273,Expert,1
274,Maker_274,Novice,1
275,Maker_275,Intermediate,1
276,Maker_276,Intermediate,1
277,Maker_277,Intermediate,3
278,Maker_278,Intermediate,1
279,Maker_279,Novice,0
280,Maker_280,Intermediate,5
281,Maker_281,Experienced,0
282,Maker_282,Experienced,8
283,Maker_283,Novice,0
284,Maker_284,Experienced,7
285,Maker_285,Intermediate,0
286,Maker_286,Experienced,0
287,Maker_287,Intermediate,0
288,Maker_288,Intermediate,3
289,Maker_289,Expert,5
290,Maker_290,Experienced,1
291,Maker_291,Intermediate,6
292,Maker_292,Novice,1
293,Maker_293,Novice,2
294,Maker_294,Novice,4
295,Maker_295,Novice,0
296,Maker_296,Novice,0
297,Maker_297,Experienced,6
298,Maker_298,Novice,6
299,Maker_299,Intermediate,8
300,Maker_300,Novice,6
301,Maker_301,Novice,0
302,Maker_302,Novice,4
303,Maker_303,Novice,1
304,Maker_304,Experienced,10
305,Maker_305,Experienced,1
306,Maker_306,Novice,1
307,Maker_307,Intermediate,1
308,Maker_308,Intermediate,0
309,Maker_309,Experienced,0
310,Maker_310,Experienced,5
311,Maker_311,Intermediate,4
312,Maker_312,Intermediate,0
313,Maker_313,Experienced,3
314,Maker_314,Novice,2
315,Maker_315,Intermediate,1
316,Maker_316,Expert,0
317,Maker_317,Experienced,5
318,Maker_318,Intermediate,3
319,Maker_319,Intermediate,1
320,Maker_320,Novice,2
321,Maker_321,Intermediate,0
322,Maker_322,Intermediate,1
323,Maker_323,Intermediate,0
324,Maker_324,Experienced,0
325,Maker_325,Experienced,2
326,Maker_326,Novice,6
327,Maker_327,Intermediate,1
328,Maker_328,Intermediate,0
329,Maker_329,Intermediate,2
330,Maker_330,Novice,5
331,Maker_331,Intermediate,3
332,Maker_332,Experienced,5
333,Maker_333,Intermediate,1
334,Maker_334,Expert,3
335,Maker_335,Expert,0
336,Maker_336,Novice,0
337,Maker_337,Novice,0
338,Maker_338,Expert,1
339,Maker_339,Expert,6
340,Maker_340,Novice,5
341,Maker_341,Novice,0
342,Maker_342,Novice,0
343,Maker_343,Expert,0
344,Maker_344,Novice,0
345,Maker_345,Intermediate,2
346,Maker_346,Experienced,6
347,Maker_347,Novice,8
348,Maker_348,Intermediate,2
349,Maker_349,Novice,4
350,Maker_350,Experienced,1
351,Maker_351,Novice,0
352,Maker_352,Intermediate,1
353,Maker_353,Intermediate,1
354,Maker_354,Novice,3
355,Maker_355,Novice,0
356,Maker_356,Intermediate,0
357,Maker_357,Novice,0
358,Maker_358,Experienced,7
359,Maker_359,Experienced,1
360,Maker_360,Intermediate,3
361,Maker_361,Intermediate,3
362,Maker_362,Intermediate,0
363,Maker_363,Experienced,1
364,Maker_364,Intermediate,5
365,Maker_365,Novice,1
366,Maker_366,Novice,7
367,Maker_367,Intermediate,0
368,Maker_368,Intermediate,0
369,Maker_369,Intermediate,5
370,Maker_370,Novice,4
371,Maker_371,Experienced,10
372,Maker_372,Novice,2
373,Maker_373,Novice,7
374,Maker_374,Intermediate,4
375,Maker_375,Novice,4
376,Maker_376,Intermediate,1
377,Maker_377,Novice,0
378,Maker_378,Intermediate,7
379,Maker_379,Intermediate,1
380,Maker_380,Novice,1
381,Maker_381,Novice,1
382,Maker_382,Experienced,1
383,Maker_383,Intermediate,1
384,Maker_384,Intermediate,0
385,Maker_385,Novice,5
386,Maker_386,Intermediate,1
387,Maker_387,Intermediate,1
388,Maker_388,Intermediate,0
389,Maker_389,Experienced,0
390,Maker_390,Novice,0
391,Maker_391,Novice,3
392,Maker_392,Experienced,0
393,Maker_393,Expert,6
394,Maker_394,Novice,0
395,Maker_395,Intermediate,0
396,Maker_396,Novice,0
397,Maker_397,Novice,0
398,Maker_398,Novice,3
399,Maker_399,Novice,5
400,Maker_400,Experienced,2
401,Maker_401,Intermediate,0
402,Maker_402,Novice,0
403,Maker_403,Novice,1
404,Maker_404,Experienced,7
405,Maker_405,Novice,0
406,Maker_406,Intermediate,3
407,Maker_407,Novice,1
408,Maker_408,Intermediate,0
409,Maker_409,Novice,1
410,Maker_410,Novice,0
411,Maker_411,Novice,3
412,Maker_412,Novice,0
413,Maker_413,Intermediate,3
414,Maker_414,Intermediate,0
415,Maker_415,Novice,7
416,Maker_416,Novice,0
417,Maker_417,Intermediate,5
418,Maker_418,Intermediate,4
419,Maker_419,Expert,8
420,Maker_420,Intermediate,1
421,Maker_421,Intermediate,3
422,Maker_422,Intermediate,0
423,Maker_423,Expert,0
424,Maker_424,Experienced,1
425,Maker_425,Novice,0
426,Maker_426,Novice,9
427,Maker_427,Novice,0
428,Maker_428,Intermediate,1
429,Maker_429,Experienced,2
430,Maker_430,Intermediate,1
431,Maker_431,Novice,2
432,Maker_432,Experienced,0
433,Maker_433,Experienced,1
434,Maker_434,Novice,0
435,Maker_435,Intermediate,7
436,Maker_436,Intermediate,3
437,Maker_437,Experienced,8
438,Maker_438,Experienced,0
439,Maker_439,Intermediate,0
440,Maker_440,Intermediate,0
441,Maker_441,Experienced,0
442,Maker_442,Intermediate,0
443,Maker_443,Novice,2
444,Maker_444,Experienced,0
445,Maker_445,Novice,1
446,Maker_446,Novice,5
447,Maker_447,Experienced,2
448,Maker_448,Experienced,0
449,Maker_449,Intermediate,0
450,Maker_450,Novice,1
451,Maker_451,Novice,0
452,Maker_452,Novice,2
453,Maker_453,Novice,0
454,Maker_454,Experienced,5
455,Maker_455,Novice,3
456,Maker_456,Intermediate,2
457,Maker_457,Novice,0
458,Maker_458,Expert,0
459,Maker_459,Novice,3
460,Maker_460,Novice,1
461,Maker_461,Novice,0
462,Maker_462,Intermediate,0
463,Maker_463,Intermediate,0
464,Maker_464,Intermediate,3
465,Maker_465,Intermediate,0
466,Maker_466,Novice,1
467,Maker_467,Intermediate,1
468,Maker_468,Intermediate,1
469,Maker_469,Novice,5
470,Maker_470,Novice,5
471,Maker_471,Novice,1
472,Maker_472,Novice,0
473,Maker_473,Intermediate,1
474,Maker_474,Novice,2
475,Maker_475,Novice,1
476,Maker_476,Novice,2
477,Maker_477,Expert,0
478,Maker_478,Experienced,2
479,Maker_479,Novice,0
480,Maker_480,Novice,3
481,Maker_481,Novice,0
482,Maker_482,Intermediate,3
483,Maker_483,Novice,0
484,Maker_484,Intermediate,1
485,Maker_485,Intermediate,3
486,Maker_486,Experienced,0
487,Maker_487,Novice,3
488,Maker_488,Experienced,2
489,Maker_489,Experienced,1
490,Maker_490,Novice,0
491,Maker_491,Novice,1
492,Maker_492,Novice,1
493,Maker_493,Novice,1
494,Maker_494,Novice,2
495,Maker_495,Intermediate,1
496,Maker_496,Intermediate,0
497,Maker_497,Expert,0
498,Maker_498,Novice,0
499,Maker_499,Expert,0
500,Maker_500,Novice,3
501,Maker_501,Experienced,3
502,Maker_502,Novice,0
503,Maker_503,Novice,7
504,Maker_504,Experienced,1
505,Maker_505,Novice,6
506,Maker_506,Intermediate,3
507,Maker_507,Intermediate,3
508,Maker_508,Intermediate,0
509,Maker_509,Intermediate,0
510,Maker_510,Experienced,0
511,Maker_511,Novice,3
512,Maker_512,Intermediate,0
513,Maker_513,Experienced,3
514,Maker_514,Novice,0
515,Maker_515,Novice,4
516,Maker_516,Experienced,0
517,Maker_517,Intermediate,0
518,Maker_518,Intermediate,0
519,Maker_519,Novice,1
520,Maker_520,Intermediate,0
521,Maker_521,Novice,3
522,Maker_522,Intermediate,0
523,Maker_523,Experienced,0
524,Maker_524,Novice,4
525,Maker_525,Intermediate,0
526,Maker_526,Expert,7
527,Maker_527,Intermediate,9
528,Maker_528,Experienced,0
529,Maker_529,Intermediate,0
530,Maker_530,Experienced,0
531,Maker_531,Novice,3
532,Maker_532,Novice,1
533,Maker_533,Novice,2
534,Maker_534,Intermediate,3
535,Maker_535,Experienced,0
536,Maker_536,Novice,4
537,Maker_537,Intermediate,3
538,Maker_538,Experienced,1
539,Maker_539,Intermediate,5
540,Maker_540,Novice,3
541,Maker_541,Intermediate,0
542,Maker_542,Novice,1
543,Maker_543,Novice,1
544,Maker_544,Expert,0
545,Maker_545,Novice,7
546,Maker_546,Novice,0
547,Maker_547,Experienced,2
548,Maker_548,Novice,1
549,Maker_549,Intermediate,0
550,Maker_550,Novice,6
551,Maker_551,Novice,5
552,Maker_552,Novice,1
553,Maker_553,Novice,0
554,Maker_554,Intermediate,0
555,Maker_555,Experienced,0
556,Maker_556,Intermediate,0
557,Maker_557,Expert,1
558,Maker_558,Novice,8
559,Maker_559,Intermediate,1
560,Maker_560,Intermediate,5
561,Maker_561,Expert,2
562,Maker_562,Novice,1
563,Maker_563,Intermediate,5
564,Maker_564,Experienced,1
565,Maker_565,Novice,5
566,Maker_566,Experienced,0
567,Maker_567,Novice,0
568,Maker_568,Experienced,5
569,Maker_569,Expert,1
570,Maker_570,Intermediate,5
571,Maker_571,Intermediate,7
572,Maker_572,Novice,0
573,Maker_573,Expert,1
574,Maker_574,Intermediate,0
575,Maker_575,Novice,2
576,Maker_576,Intermediate,3
577,Maker_577,Intermediate,0
578,Maker_578,Novice,1
579,Maker_579,Novice,3
580,Maker_580,Novice,0
581,Maker_581,Intermediate,4
582,Maker_582,Intermediate,2
583,Maker_583,Intermediate,7
584,Maker_584,Experienced,0
585,Maker_585,Experienced,0
586,Maker_586,Intermediate,1
587,Maker_587,Novice,0
588,Maker_588,Intermediate,8
589,Maker_589,Intermediate,0
590,Maker_590,Intermediate,3
591,Maker_591,Intermediate,1
592,Maker_592,Novice,0
593,Maker_593,Expert,0
594,Maker_594,Novice,2
595,Maker_595,Intermediate,1
596,Maker_596,Novice,0
597,Maker_597,Expert,6
598,Maker_598,Novice,0
599,Maker_599,Novice,1
600,Maker_600,Novice,1
601,Maker_601,Novice,0
602,Maker_602,Novice,7
603,Maker_603,Intermediate,0
604,Maker_604,Intermediate,0
605,Maker_605,Novice,0
606,Maker_606,Novice,2
607,Maker_607,Experienced,1
608,Maker_608,Intermediate,2
609,Maker_609,Experienced,0
610,Maker_610,Intermediate,0
611,Maker_611,Novice,4
612,Maker_612,Novice,0
613,Maker_613,Novice,5
614,Maker_614,Experienced,0
615,Maker_615,Expert,4
616,Maker_616,Intermediate,0
617,Maker_617,Novice,2
618,Maker_618,Novice,0
619,Maker_619,Novice,0
620,Maker_620,Intermediate,0
621,Maker_621,Novice,0
622,Maker_622,Expert,0
623,Maker_623,Novice,1
624,Maker_624,Expert,1
625,Maker_625,Experienced,3
626,Maker_626,Experienced,2
627,Maker_627,Intermediate,2
628,Maker_628,Intermediate,1
629,Maker_629,Intermediate,1
630,Maker_630,Intermediate,1
631,Maker_631,Intermediate,4
632,Maker_632,Expert,0
633,Maker_633,Experienced,0
634,Maker_634,Experienced,2
635,Maker_635,Experienced,0
636,Maker_636,Novice,5
637,Maker_637,Novice,5
638,Maker_638,Intermediate,0
639,Maker_639,Intermediate,0
640,Maker_640,Experienced,1
641,Maker_641,Intermediate,2
642,Maker_642,Intermediate,0
643,Maker_643,Intermediate,3
644,Maker_644,Novice,1
645,Maker_645,Intermediate,0
646,Maker_646,Experienced,0
647,Maker_647,Novice,3
648,Maker_648,Intermediate,0
649,Maker_649,Intermediate,4
650,Maker_650,Novice,1
651,Maker_651,Novice,1
652,Maker_652,Expert,5
653,Maker_653,Novice,5
654,Maker_654,Novice,0
655,Maker_655,Novice,0
656,Maker_656,Intermediate,3
657,Maker_657,Intermediate,1
658,Maker_658,Intermediate,0
659,Maker_659,Novice,6
660,Maker_660,Experienced,0
661,Maker_661,Novice,0
662,Maker_662,Novice,0
663,Maker_663,Intermediate,2
664,Maker_664,Novice,2
665,Maker_665,Experienced,0
666,Maker_666,Expert,0
667,Maker_667,Novice,0
668,Maker_668,Experienced,2
669,Maker_669,Experienced,0
670,Maker_670,Expert,6
671,Maker_671,Novice,0
672,Maker_672,Intermediate,10
673,Maker_673,Novice,0
674,Maker_674,Experienced,3
675,Maker_675,Novice,0
676,Maker_676,Intermediate,0
677,Maker_677,Novice,5
678,Maker_678,Novice,5
679,Maker_679,Intermediate,1
680,Maker_680,Experienced,3
681,Maker_681,Intermediate,1
682,Maker_682,Experienced,5
683,Maker_683,Novice,0
684,Maker_684,Intermediate,1
685,Maker_685,Intermediate,1
686,Maker_686,Novice,0
687,Maker_687,Intermediate,5
688,Maker_688,Intermediate,0
689,Maker_689,Intermediate,0
690,Maker_690,Experienced,1
691,Maker_691,Intermediate,2
692,Maker_692,Novice,0
693,Maker_693,Novice,0
694,Maker_694,Intermediate,7
695,Maker_695,Novice,0
696,Maker_696,Novice,2
697,Maker_697,Intermediate,3
698,Maker_698,Intermediate,1
699,Maker_699,Novice,7
700,Maker_700,Experienced,3
701,Maker_701,Intermediate,1
702,Maker_702,Novice,1
703,Maker_703,Experienced,2
704,Maker_704,Intermediate,1
705,Maker_705,Intermediate,5
706,Maker_706,Intermediate,0
707,Maker_707,Novice,0
708,Maker_708,Intermediate,0
709,Maker_709,Novice,0
710,Maker_710,Expert,0
711,Maker_711,Experienced,5
712,Maker_712,Intermediate,2
713,Maker_713,Novice,2
714,Maker_714,Novice,2
715,Maker_715,Novice,4
716,Maker_716,Intermediate,1
717,Maker_717,Novice,5
718,Maker_718,Intermediate,0
719,Maker_719,Novice,6
720,Maker_720,Expert,2
721,Maker_721,Novice,0
722,Maker_722,Expert,1
723,Maker_723,Expert,1
724,Maker_724,Intermediate,0
725,Maker_725,Experienced,1
726,Maker_726,Intermediate,0
727,Maker_727,Intermediate,0
728,Maker_728,Novice,7
729,Maker_729,Novice,2
730,Maker_730,Intermediate,5
731,Maker_731,Intermediate,2
732,Maker_732,Intermediate,0
733,Maker_733,Novice,1
734,Maker_734,Novice,2
735,Maker_735,Novice,8
736,Maker_736,Novice,0
737,Maker_737,Novice,5
738,Maker_738,Novice,6
739,Maker_739,Novice,2
740,Maker_740,Experienced,7
741,Maker_741,Novice,0
742,Maker_742,Intermediate,7
743,Maker_743,Novice,3
744,Maker_744,Experienced,0
745,Maker_745,Intermediate,6
746,Maker_746,Novice,1
747,Maker_747,Intermediate,1
748,Maker_748,Novice,1
749,Maker_749,Intermediate,0
750,Maker_750,Novice,1
751,Maker_751,Expert,4
752,Maker_752,Intermediate,0
753,Maker_753,Novice,0
754,Maker_754,Experienced,0
755,Maker_755,Novice,1
756,Maker_756,Experienced,3
757,Maker_757,Intermediate,3
758,Maker_758,Experienced,7
759,Maker_759,Novice,2
760,Maker_760,Experienced,0
761,Maker_761,Experienced,6
762,Maker_762,Novice,3
763,Maker_763,Novice,1
764,Maker_764,Novice,2
765,Maker_765,Expert,6
766,Maker_766,Novice,3
767,Maker_767,Intermediate,0
768,Maker_768,Novice,3
769,Maker_769,Novice,0
770,Maker_770,Intermediate,0
771,Maker_771,Expert,1
772,Maker_772,Intermediate,0
773,Maker_773,Experienced,0
774,Maker_774,Intermediate,0
775,Maker_775,Novice,2
776,Maker_776,Novice,4
777,Maker_777,Intermediate,9
778,Maker_778,Expert,0
779,Maker_779,Experienced,1
780,Maker_780,Novice,7
781,Maker_781,Novice,0
782,Maker_782,Novice,3
783,Maker_783,Expert,3
784,Maker_784,Experienced,0
785,Maker_785,Experienced,5
786,Maker_786,Novice,4
787,Maker_787,Intermediate,0
788,Maker_788,Intermediate,0
789,Maker_789,Novice,0
790,Maker_790,Intermediate,0
791,Maker_791,Novice,1
792,Maker_792,Novice,1
793,Maker_793,Experienced,0
794,Maker_794,Experienced,6
795,Maker_795,Intermediate,0
796,Maker_796,Intermediate,0
797,Maker_797,Novice,0
798,Maker_798,Experienced,1
799,Maker_799,Experienced,1
800,Maker_800,Experienced,0
801,Maker_801,Experienced,0
802,Maker_802,Novice,4
803,Maker_803,Novice,10
804,Maker_804,Intermediate,0
805,Maker_805,Novice,0
806,Maker_806,Experienced,2
807,Maker_807,Novice,3
808,Maker_808,Novice,0
809,Maker_809,Novice,6
810,Maker_810,Expert,1
811,Maker_811,Novice,1
812,Maker_812,Intermediate,2
813,Maker_813,Intermediate,7
814,Maker_814,Novice,3
815,Maker_815,Intermediate,0
816,Maker_816,Experienced,0
817,Maker_817,Intermediate,1
818,Maker_818,Experienced,0
819,Maker_819,Novice,3
820,Maker_820,Novice,4
821,Maker_821,Expert,3
822,Maker_822,Novice,9
823,Maker_823,Intermediate,0
824,Maker_824,Experienced,5
825,Maker_825,Novice,3
826,Maker_826,Experienced,0
827,Maker_827,Novice,3
828,Maker_828,Novice,0
829,Maker_829,Novice,3
830,Maker_830,Experienced,1
831,Maker_831,Novice,0
832,Maker_832,Experienced,2
833,Maker_833,Expert,2
834,Maker_834,Intermediate,0
835,Maker_835,Intermediate,0
836,Maker_836,Intermediate,1
837,Maker_837,Novice,1
838,Maker_838,Intermediate,5
839,Maker_839,Intermediate,6
840,Maker_840,Expert,1
841,Maker_841,Expert,3
842,Maker_842,Experienced,1
843,Maker_843,Experienced,3
844,Maker_844,Intermediate,0
845,Maker_845,Intermediate,0
846,Maker_846,Experienced,2
847,Maker_847,Novice,0
848,Maker_848,Expert,3
849,Maker_849,Intermediate,4
850,Maker_850,Intermediate,0
851,Maker_851,Experienced,1
852,Maker_852,Expert,5
853,Maker_853,Novice,3
854,Maker_854,Experienced,0
855,Maker_855,Intermediate,0
856,Maker_856,Novice,2
857,Maker_857,Experienced,1
858,Maker_858,Intermediate,0
859,Maker_859,Intermediate,0
860,Maker_860,Novice,5
861,Maker_861,Intermediate,2
862,Maker_862,Intermediate,9
863,Maker_863,Intermediate,3
864,Maker_864,Novice,7
865,Maker_865,Expert,0
866,Maker_866,Intermediate,3
867,Maker_867,Experienced,0
868,Maker_868,Intermediate,2
869,Maker_869,Novice,1
870,Maker_870,Intermediate,0
871,Maker_871,Intermediate,5
872,Maker_872,Intermediate,5
873,Maker_873,Intermediate,0
874,Maker_874,Intermediate,2
875,Maker_875,Novice,0
876,Maker_876,Intermediate,1
877,Maker_877,Novice,4
878,Maker_878,Novice,0
879,Maker_879,Expert,7
880,Maker_880,Intermediate,0
881,Maker_881,Intermediate,2
882,Maker_882,Intermediate,2
883,Maker_883,Expert,0
884,Maker_884,Intermediate,0
885,Maker_885,Experienced,4
886,Maker_886,Novice,3
887,Maker_887,Expert,0
888,Maker_888,Experienced,1
889,Maker_889,Experienced,0
890,Maker_890,Novice,0
891,Maker_891,Novice,1
892,Maker_892,Novice,0
893,Maker_893,Novice,4
894,Maker_894,Experienced,3
895,Maker_895,Novice,7
896,Maker_896,Novice,2
897,Maker_897,Novice,7
898,Maker_898,Novice,1
899,Maker_899,Novice,2
900,Maker_900,Experienced,8
901,Maker_901,Intermediate,2
902,Maker_902,Novice,0
903,Maker_903,Intermediate,3
904,Maker_904,Intermediate,6
905,Maker_905,Novice,3
906,Maker_906,Intermediate,1
907,Maker_907,Experienced,2
908,Maker_908,Experienced,10
909,Maker_909,Experienced,0
910,Maker_910,Novice,2
911,Maker_911,Expert,0
912,Maker_912,Experienced,2
913,Maker_913,Expert,2
914,Maker_914,Novice,0
915,Maker_915,Expert,0
916,Maker_916,Experienced,2
917,Maker_917,Experienced,0
918,Maker_918,Novice,0
919,Maker_919,Experienced,4
920,Maker_920,Expert,0
921,Maker_921,Intermediate,1
922,Maker_922,Intermediate,7
923,Maker_923,Expert,0
924,Maker_924,Intermediate,0
925,Maker_925,Intermediate,2
926,Maker_926,Intermediate,3
927,Maker_927,Expert,6
928,Maker_928,Novice,6
929,Maker_929,Intermediate,3
930,Maker_930,Intermediate,0
931,Maker_931,Experienced,0
932,Maker_932,Intermediate,0
933,Maker_933,Expert,0
934,Maker_934,Expert,3
935,Maker_935,Novice,2
936,Maker_936,Intermediate,0
937,Maker_937,Novice,4
938,Maker_938,Novice,0
939,Maker_939,Intermediate,1
940,Maker_940,Expert,2
941,Maker_941,Experienced,1
942,Maker_942,Novice,1
943,Maker_943,Novice,0
944,Maker_944,Intermediate,1
945,Maker_945,Intermediate,3
946,Maker_946,Novice,6
947,Maker_947,Experienced,1
948,Maker_948,Expert,1
949,Maker_949,Intermediate,3
950,Maker_950,Experienced,7
951,Maker_951,Novice,0
952,Maker_952,Experienced,1
953,Maker_953,Intermediate,3
954,Maker_954,Novice,2
955,Maker_955,Expert,0
956,Maker_956,Intermediate,2
957,Maker_957,Experienced,0
958,Maker_958,Novice,1
959,Maker_959,Novice,1
960,Maker_960,Novice,5
961,Maker_961,Intermediate,1
962,Maker_962,Intermediate,0
963,Maker_963,Novice,0
964,Maker_964,Intermediate,5
965,Maker_965,Intermediate,0
966,Maker_966,Experienced,1
967,Maker_967,Intermediate,0
968,Maker_968,Expert,3
969,Maker_969,Intermediate,1
970,Maker_970,Intermediate,0
971,Maker_971,Novice,0
972,Maker_972,Novice,5
973,Maker_973,Novice,1
974,Maker_974,Intermediate,3
975,Maker_975,Novice,5
976,Maker_976,Novice,6
977,Maker_977,Experienced,0
978,Maker_978,Novice,7
979,Maker_979,Novice,0
980,Maker_980,Novice,0
981,Maker_981,Experienced,5
982,Maker_982,Novice,0
983,Maker_983,Intermediate,0
984,Maker_984,Intermediate,0
985,Maker_985,Intermediate,2
986,Maker_986,Intermediate,1
987,Maker_987,Experienced,3
988,Maker_988,Novice,5
989,Maker_989,Novice,2
990,Maker_990,Novice,0
991,Maker_991,Novice,7
992,Maker_992,Novice,0
993,Maker_993,Novice,0
994,Maker_994,Intermediate,0
995,Maker_995,Intermediate,1
996,Maker_996,Novice,0
997,Maker_997,Experienced,0
998,Maker_998,Novice,0
999,Maker_999,Novice,0
1000,Maker_1000,Intermediate,2
1001,Maker_1001,Novice,4
1002,Maker_1002,Novice,3
1003,Maker_1003,Intermediate,0
1004,Maker_1004,Expert,0
1005,Maker_1005,Experienced,8
1006,Maker_1006,Novice,0
1007,Maker_1007,Experienced,5
1008,Maker_1008,Experienced,0
1009,Maker_1009,Intermediate,7
1010,Maker_1010,Experienced,0
1011,Maker_1011,Intermediate,1
1012,Maker_1012,Novice,3
1013,Maker_1013,Intermediate,1
1014,Maker_1014,Intermediate,0
1015,Maker_1015,Intermediate,1
1016,Maker_1016,Intermediate,3
1017,Maker_1017,Expert,0
1018,Maker_1018,Expert,0
1019,Maker_1019,Experienced,1
1020,Maker_1020,Experienced,0
1021,Maker_1021,Expert,2
1022,Maker_1022,Novice,0
1023,Maker_1023,Novice,1
1024,Maker_1024,Intermediate,0
1025,Maker_1025,Experienced,1
1026,Maker_1026,Intermediate,0
1027,Maker_1027,Experienced,0
1028,Maker_1028,Novice,0
1029,Maker_1029,Novice,7
1030,Maker_1030,Experienced,0
1031,Maker_1031,Novice,3
1032,Maker_1032,Novice,0
1033,Maker_1033,Novice,0
1034,Maker_1034,Novice,1
1035,Maker_1035,Experienced,1
1036,Maker_1036,Novice,7
1037,Maker_1037,Intermediate,7
1038,Maker_1038,Novice,3
1039,Maker_1039,Experienced,2
1040,Maker_1040,Novice,1
1041,Maker_1041,Intermediate,0
1042,Maker_1042,Experienced,7
1043,Maker_1043,Novice,2
1044,Maker_1044,Experienced,1
1045,Maker_1045,Intermediate,0
1046,Maker_1046,Intermediate,0
1047,Maker_1047,Novice,7
1048,Maker_1048,Expert,0
1049,Maker_1049,Experienced,1
1050,Maker_1050,Novice,0
1051,Maker_1051,Novice,4
1052,Maker_1052,Experienced,0
1053,Maker_1053,Intermediate,4
1054,Maker_1054,Experienced,0
1055,Maker_1055,Intermediate,5
1056,Maker_1056,Experienced,3
1057,Maker_1057,Novice,0
1058,Maker_1058,Novice,1
1059,Maker_1059,Intermediate,0
1060,Maker_1060,Expert,0
1061,Maker_1061,Novice,5
1062,Maker_1062,Intermediate,1
1063,Maker_1063,Intermediate,0
1064,Maker_1064,Intermediate,0
1065,Maker_1065,Experienced,0
1066,Maker_1066,Experienced,5
1067,Maker_1067,Novice,0
1068,Maker_1068,Expert,7
1069,Maker_1069,Experienced,7
1070,Maker_1070,Experienced,0
1071,Maker_1071,Intermediate,0
1072,Maker_1072,Experienced,5
1073,Maker_1073,Novice,0
1074,Maker_1074,Novice,0
1075,Maker_1075,Experienced,0
1076,Maker_1076,Novice,1
1077,Maker_1077,Novice,3
1078,Maker_1078,Experienced,0
1079,Maker_1079,Experienced,0
1080,Maker_1080,Novice,6
1081,Maker_1081,Experienced,3
1082,Maker_1082,Intermediate,1
1083,Maker_1083,Intermediate,3
1084,Maker_1084,Experienced,1
1085,Maker_1085,Intermediate,3
1086,Maker_1086,Novice,0
1087,Maker_1087,Novice,0
1088,Maker_1088,Intermediate,3
1089,Maker_1089,Intermediate,1
1090,Maker_1090,Experienced,9
1091,Maker_1091,Experienced,0
1092,Maker_1092,Intermediate,6
1093,Maker_1093,Experienced,7
1094,Maker_1094,Novice,0
1095,Maker_1095,Novice,3
1096,Maker_1096,Experienced,1
1097,Maker_1097,Novice,6
1098,Maker_1098,Novice,1
1099,Maker_1099,Intermediate,3
1100,Maker_1100,Intermediate,1
1101,Maker_1101,Experienced,0
1102,Maker_1102,Novice,0
1103,Maker_1103,Novice,1
1104,Maker_1104,Novice,3
1105,Maker_1105,Intermediate,2
1106,Maker_1106,Novice,2
1107,Maker_1107,Intermediate,0
1108,Maker_1108,Experienced,1
1109,Maker_1109,Expert,0
1110,Maker_1110,Novice,4
1111,Maker_1111,Intermediate,9
1112,Maker_1112,Intermediate,1
1113,Maker_1113,Expert,0
1114,Maker_1114,Expert,0
1115,Maker_1115,Novice,2
1116,Maker_1116,Experienced,2
1117,Maker_1117,Novice,3
1118,Maker_1118,Novice,0
1119,Maker_1119,Novice,3
1120,Maker_1120,Intermediate,2
1121,Maker_1121,Intermediate,0
1122,Maker_1122,Novice,1
1123,Maker_1123,Intermediate,0
1124,Maker_1124,Novice,1
1125,Maker_1125,Intermediate,5
1126,Maker_1126,Novice,1
1127,Maker_1127,Novice,4
1128,Maker_1128,Intermediate,1
1129,Maker_1129,Novice,0
1130,Maker_1130,Intermediate,1
1131,Maker_1131,Novice,1
1132,Maker_1132,Intermediate,0
1133,Maker_1133,Novice,0
1134,Maker_1134,Intermediate,1
1135,Maker_1135,Experienced,0
1136,Maker_1136,Novice,0
1137,Maker_1137,Intermediate,1
1138,Maker_1138,Novice,0
1139,Maker_1139,Intermediate,6
1140,Maker_1140,Novice,0
1141,Maker_1141,Intermediate,3
1142,Maker_1142,Intermediate,1
1143,Maker_1143,Expert,3
1144,Maker_1144,Intermediate,0
1145,Maker_1145,Intermediate,7
1146,Maker_1146,Intermediate,1
1147,Maker_1147,Expert,4
1148,Maker_1148,Experienced,0
1149,Maker_1149,Novice,0
1150,Maker_1150,Experienced,2
1151,Maker_1151,Intermediate,0
1152,Maker_1152,Experienced,1
1153,Maker_1153,Experienced,0
1154,Maker_1154,Novice,2
1155,Maker_1155,Experienced,8
1156,Maker_1156,Novice,1
1157,Maker_1157,Novice,4
1158,Maker_1158,Novice,1
1159,Maker_1159,Experienced,1
1160,Maker_1160,Novice,7
1161,Maker_1161,Novice,5
1162,Maker_1162,Experienced,3
1163,Maker_1163,Novice,0
1164,Maker_1164,Novice,1
1165,Maker_1165,Novice,0
1166,Maker_1166,Novice,1
1167,Maker_1167,Intermediate,1
1168,Maker_1168,Novice,4
1169,Maker_1169,Expert,5
1170,Maker_1170,Experienced,1
1171,Maker_1171,Novice,0
1172,Maker_1172,Novice,5
1173,Maker_1173,Intermediate,0
1174,Maker_1174,Intermediate,2
1175,Maker_1175,Novice,0
1176,Maker_1176,Novice,0
1177,Maker_1177,Experienced,9
1178,Maker_1178,Novice,0
1179,Maker_1179,Novice,1
1180,Maker_1180,Experienced,0
1181,Maker_1181,Intermediate,6
1182,Maker_1182,Novice,5
1183,Maker_1183,Intermediate,0
1184,Maker_1184,Novice,0
1185,Maker_1185,Experienced,2
1186,Maker_1186,Intermediate,0
1187,Maker_1187,Experienced,2
1188,Maker_1188,Expert,0
1189,Maker_1189,Expert,0
1190,Maker_1190,Expert,2
1191,Maker_1191,Intermediate,0
1192,Maker_1192,Novice,5
1193,Maker_1193,Intermediate,0
1194,Maker_1194,Intermediate,0
1195,Maker_1195,Experienced,10
1196,Maker_1196,Novice,1
1197,Maker_1197,Expert,3
1198,Maker_1198,Experienced,0
1199,Maker_1199,Expert,2
1200,Maker_1200,Experienced,3
1201,Maker_1201,Novice,0
1202,Maker_1202,Novice,4
1203,Maker_1203,Novice,2
1204,Maker_1204,Novice,0
1205,Maker_1205,Intermediate,1
1206,Maker_1206,Experienced,1
1207,Maker_1207,Experienced,0
1208,Maker_1208,Intermediate,1
1209,Maker_1209,Novice,0
1210,Maker_1210,Novice,1
1211,Maker_1211,Novice,3
1212,Maker_1212,Novice,1
1213,Maker_1213,Intermediate,7
1214,Maker_1214,Novice,0
1215,Maker_1215,Novice,1
1216,Maker_1216,Novice,3
1217,Maker_1217,Intermediate,1
1218,Maker_1218,Intermediate,1
1219,Maker_1219,Intermediate,0
1220,Maker_1220,Intermediate,0
1221,Maker_1221,Expert,0
1222,Maker_1222,Novice,10
1223,Maker_1223,Intermediate,0
1224,Maker_1224,Experienced,5
1225,Maker_1225,Intermediate,2
1226,Maker_1226,Expert,0
1227,Maker_1227,Novice,1
1228,Maker_1228,Intermediate,4
1229,Maker_1229,Novice,5
1230,Maker_1230,Intermediate,0
1231,Maker_1231,Novice,0
1232,Maker_1232,Novice,0
1233,Maker_1233,Intermediate,0
1234,Maker_1234,Intermediate,1
1235,Maker_1235,Novice,5
1236,Maker_1236,Intermediate,0
1237,Maker_1237,Intermediate,3
1238,Maker_1238,Novice,2
1239,Maker_1239,Intermediate,0
1240,Maker_1240,Experienced,0
1241,Maker_1241,Intermediate,3
1242,Maker_1242,Novice,5
1243,Maker_1243,Novice,2
1244,Maker_1244,Intermediate,0
1245,Maker_1245,Expert,0
1246,Maker_1246,Intermediate,0
1247,Maker_1247,Novice,1
1248,Maker_1248,Intermediate,3
1249,Maker_1249,Experienced,0
1250,Maker_1250,Novice,4
1251,Maker_1251,Expert,1
1252,Maker_1252,Expert,2
1253,Maker_1253,Novice,8
1254,Maker_1254,Expert,0
1255,Maker_1255,Novice,6
1256,Maker_1256,Experienced,0
1257,Maker_1257,Intermediate,0
1258,Maker_1258,Intermediate,5
1259,Maker_1259,Intermediate,6
1260,Maker_1260,Experienced,1
1261,Maker_1261,Novice,1
1262,Maker_1262,Intermediate,3
1263,Maker_1263,Novice,4
1264,Maker_1264,Novice,0
1265,Maker_1265,Novice,4
1266,Maker_1266,Intermediate,1
1267,Maker_1267,Novice,1
1268,Maker_1268,Novice,1
1269,Maker_1269,Novice,1
1270,Maker_1270,Novice,7
1271,Maker_1271,Intermediate,1
1272,Maker_1272,Expert,7
1273,Maker_1273,Novice,0
1274,Maker_1274,Expert,3
1275,Maker_1275,Experienced,4
1276,Maker_1276,Intermediate,2
1277,Maker_1277,Intermediate,2
1278,Maker_1278,Experienced,1
1279,Maker_1279,Novice,5
1280,Maker_1280,Intermediate,4
1281,Maker_1281,Intermediate,0
1282,Maker_1282,Intermediate,4
1283,Maker_1283,Experienced,1
1284,Maker_1284,Novice,0
1285,Maker_1285,Intermediate,5
1286,Maker_1286,Intermediate,1
1287,Maker_1287,Novice,4
1288,Maker_1288,Novice,0
1289,Maker_1289,Intermediate,0
1290,Maker_1290,Experienced,1
1291,Maker_1291,Intermediate,0
1292,Maker_1292,Experienced,3
1293,Maker_1293,Intermediate,0
1294,Maker_1294,Novice,1
1295,Maker_1295,Novice,0
1296,Maker_1296,Novice,0
1297,Maker_1297,Novice,3
1298,Maker_1298,Novice,0
1299,Maker_1299,Experienced,2
1300,Maker_1300,Experienced,6
1301,Maker_1301,Novice,2
1302,Maker_1302,Novice,4
1303,Maker_1303,Novice,0
1304,Maker_1304,Intermediate,0
1305,Maker_1305,Novice,5
1306,Maker_1306,Novice,3
1307,Maker_1307,Expert,2
1308,Maker_1308,Experienced,2
1309,Maker_1309,Novice,1
1310,Maker_1310,Intermediate,0
1311,Maker_1311,Novice,3
1312,Maker_1312,Experienced,2
1313,Maker_1313,Intermediate,1
1314,Maker_1314,Novice,5
1315,Maker_1315,Experienced,0
1316,Maker_1316,Novice,0
1317,Maker_1317,Novice,5
1318,Maker_1318,Novice,3
1319,Maker_1319,Intermediate,1
1320,Maker_1320,Novice,0
1321,Maker_1321,Novice,0
1322,Maker_1322,Novice,2
1323,Maker_1323,Novice,0
1324,Maker_1324,Experienced,4
1325,Maker_1325,Novice,7
1326,Maker_1326,Novice,4
1327,Maker_1327,Intermediate,0
1328,Maker_1328,Experienced,3
1329,Maker_1329,Experienced,0
1330,Maker_1330,Intermediate,0
1331,Maker_1331,Novice,0
1332,Maker_1332,Experienced,0
1333,Maker_1333,Intermediate,6
1334,Maker_1334,Novice,0
1335,Maker_1335,Expert,0
1336,Maker_1336,Novice,8
1337,Maker_1337,Expert,0
1338,Maker_1338,Experienced,3
1339,Maker_1339,Intermediate,0
1340,Maker_1340,Expert,0
1341,Maker_1341,Experienced,6
1342,Maker_1342,Novice,0
1343,Maker_1343,Intermediate,1
1344,Maker_1344,Novice,0
1345,Maker_1345,Novice,0
1346,Maker_1346,Experienced,0
1347,Maker_1347,Novice,0
1348,Maker_1348,Novice,0
1349,Maker_1349,Intermediate,3
1350,Maker_1350,Experienced,1
1351,Maker_1351,Novice,0
1352,Maker_1352,Novice,1
1353,Maker_1353,Novice,6
1354,Maker_1354,Intermediate,6
1355,Maker_1355,Novice,3
1356,Maker_1356,Intermediate,5
1357,Maker_1357,Novice,0
1358,Maker_1358,Novice,0
1359,Maker_1359,Expert,2
1360,Maker_1360,Novice,2
1361,Maker_1361,Intermediate,1
1362,Maker_1362,Novice,1
1363,Maker_1363,Intermediate,9
1364,Maker_1364,Intermediate,4
1365,Maker_1365,Novice,1
1366,Maker_1366,Novice,3
1367,Maker_1367,Novice,0
1368,Maker_1368,Intermediate,0
1369,Maker_1369,Experienced,0
1370,Maker_1370,Intermediate,1
1371,Maker_1371,Intermediate,0
1372,Maker_1372,Novice,4
1373,Maker_1373,Novice,0
1374,Maker_1374,Novice,1
1375,Maker_1375,Novice,0
1376,Maker_1376,Novice,0
1377,Maker_1377,Intermediate,5
1378,Maker_1378,Intermediate,2
1379,Maker_1379,Expert,7
1380,Maker_1380,Novice,10
1381,Maker_1381,Intermediate,0
1382,Maker_1382,Experienced,0
1383,Maker_1383,Intermediate,5
1384,Maker_1384,Novice,10
1385,Maker_1385,Novice,2
1386,Maker_1386,Novice,3
1387,Maker_1387,Novice,3
1388,Maker_1388,Experienced,0
1389,Maker_1389,Novice,1
1390,Maker_1390,Novice,4
1391,Maker_1391,Experienced,2
1392,Maker_1392,Experienced,0
1393,Maker_1393,Intermediate,0
1394,Maker_1394,Intermediate,0
1395,Maker_1395,Novice,0
1396,Maker_1396,Novice,6
1397,Maker_1397,Novice,0
1398,Maker_1398,Intermediate,0
1399,Maker_1399,Expert,0
1400,Maker_1400,Novice,2
1401,Maker_1401,Intermediate,1
1402,Maker_1402,Novice,0
1403,Maker_1403,Intermediate,0
1404,Maker_1404,Novice,0
1405,Maker_1405,Novice,1
1406,Maker_1406,Experienced,0
1407,Maker_1407,Intermediate,7
1408,Maker_1408,Intermediate,1
1409,Maker_1409,Novice,0
1410,Maker_1410,Novice,3
1411,Maker_1411,Novice,0
1412,Maker_1412,Experienced,2
1413,Maker_1413,Expert,0
1414,Maker_1414,Intermediate,1
1415,Maker_1415,Novice,3
1416,Maker_1416,Experienced,6
1417,Maker_1417,Intermediate,0
1418,Maker_1418,Intermediate,0
1419,Maker_1419,Novice,1
1420,Maker_1420,Experienced,6
1421,Maker_1421,Intermediate,6
1422,Maker_1422,Experienced,0
1423,Maker_1423,Experienced,0
1424,Maker_1424,Novice,1
1425,Maker_1425,Experienced,0
1426,Maker_1426,Experienced,0
1427,Maker_1427,Novice,0
1428,Maker_1428,Novice,2
1429,Maker_1429,Novice,7
1430,Maker_1430,Intermediate,10
1431,Maker_1431,Novice,0
1432,Maker_1432,Intermediate,1
1433,Maker_1433,Novice,5
1434,Maker_1434,Experienced,0
1435,Maker_1435,Novice,2
1436,Maker_1436,Novice,1
1437,Maker_1437,Intermediate,0
1438,Maker_1438,Intermediate,1
1439,Maker_1439,Novice,0
1440,Maker_1440,Novice,2
1441,Maker_1441,Novice,0
1442,Maker_1442,Experienced,0
1443,Maker_1443,Experienced,0
1444,Maker_1444,Intermediate,5
1445,Maker_1445,Experienced,1
1446,Maker_1446,Experienced,1
1447,Maker_1447,Novice,1
1448,Maker_1448,Expert,1
1449,Maker_1449,Experienced,0
1450,Maker_1450,Novice,3
1451,Maker_1451,Novice,0
1452,Maker_1452,Novice,0
1453,Maker_1453,Novice,3
1454,Maker_1454,Experienced,0
1455,Maker_1455,Intermediate,0
1456,Maker_1456,Experienced,1
1457,Maker_1457,Experienced,1
1458,Maker_1458,Intermediate,3
1459,Maker_1459,Intermediate,2
1460,Maker_1460,Novice,2
1461,Maker_1461,Novice,3
1462,Maker_1462,Intermediate,0
1463,Maker_1463,Novice,0
1464,Maker_1464,Novice,1
1465,Maker_1465,Experienced,0
1466,Maker_1466,Intermediate,9
1467,Maker_1467,Novice,4
1468,Maker_1468,Intermediate,0
1469,Maker_1469,Experienced,0
1470,Maker_1470,Novice,0
1471,Maker_1471,Novice,0
1472,Maker_1472,Expert,0
1473,Maker_1473,Novice,1
1474,Maker_1474,Novice,5
1475,Maker_1475,Intermediate,3
1476,Maker_1476,Experienced,0
1477,Maker_1477,Novice,0
1478,Maker_1478,Novice,1
1479,Maker_1479,Novice,4
1480,Maker_1480,Expert,4
1481,Maker_1481,Novice,6
1482,Maker_1482,Intermediate,1
1483,Maker_1483,Expert,2
1484,Maker_1484,Novice,0
1485,Maker_1485,Expert,1
1486,Maker_1486,Expert,0
1487,Maker_1487,Experienced,1
1488,Maker_1488,Novice,2
1489,Maker_1489,Intermediate,0
1490,Maker_1490,Experienced,0
1491,Maker_1491,Expert,0
1492,Maker_1492,Novice,0
1493,Maker_1493,Experienced,0
1494,Maker_1494,Novice,0
1495,Maker_1495,Novice,0
1496,Maker_1496,Intermediate,0
1497,Maker_1497,Experienced,9
1498,Maker_1498,Intermediate,0
1499,Maker_1499,Intermediate,0
1500,Maker_1500,Expert,1
1501,Maker_1501,Novice,5
1502,Maker_1502,Intermediate,2
1503,Maker_1503,Novice,0
1504,Maker_1504,Novice,1
1505,Maker_1505,Intermediate,3
1506,Maker_1506,Expert,3
1507,Maker_1507,Intermediate,2
1508,Maker_1508,Experienced,5
1509,Maker_1509,Novice,5
1510,Maker_1510,Novice,1
1511,Maker_1511,Intermediate,1
1512,Maker_1512,Novice,2
1513,Maker_1513,Novice,4
1514,Maker_1514,Intermediate,0
1515,Maker_1515,Novice,10
1516,Maker_1516,Novice,0
1517,Maker_1517,Intermediate,1
1518,Maker_1518,Intermediate,5
1519,Maker_1519,Expert,0
1520,Maker_1520,Intermediate,1
1521,Maker_1521,Intermediate,0
1522,Maker_1522,Expert,0
1523,Maker_1523,Experienced,0
1524,Maker_1524,Novice,0
1525,Maker_1525,Novice,0
1526,Maker_1526,Intermediate,10
1527,Maker_1527,Intermediate,10
1528,Maker_1528,Experienced,0
1529,Maker_1529,Experienced,3
1530,Maker_1530,Intermediate,0
1531,Maker_1531,Expert,0
1532,Maker_1532,Intermediate,0
1533,Maker_1533,Novice,8
1534,Maker_1534,Experienced,7
1535,Maker_1535,Novice,0
1536,Maker_1536,Experienced,0
1537,Maker_1537,Expert,0
1538,Maker_1538,Intermediate,1
1539,Maker_1539,Intermediate,1
1540,Maker_1540,Intermediate,0
1541,Maker_1541,Novice,3
1542,Maker_1542,Novice,0
1543,Maker_1543,Intermediate,6
1544,Maker_1544,Experienced,2
1545,Maker_1545,Intermediate,1
1546,Maker_1546,Novice,3
1547,Maker_1547,Intermediate,4
1548,Maker_1548,Experienced,0
1549,Maker_1549,Intermediate,0
1550,Maker_1550,Intermediate,7
1551,Maker_1551,Experienced,0
1552,Maker_1552,Intermediate,0
1553,Maker_1553,Intermediate,1
1554,Maker_1554,Experienced,4
1555,Maker_1555,Novice,3
1556,Maker_1556,Expert,6
1557,Maker_1557,Novice,1
1558,Maker_1558,Novice,0
1559,Maker_1559,Experienced,1
1560,Maker_1560,Novice,3
1561,Maker_1561,Experienced,0
1562,Maker_1562,Experienced,0
1563,Maker_1563,Experienced,0
1564,Maker_1564,Expert,1
1565,Maker_1565,Novice,5
1566,Maker_1566,Experienced,2
1567,Maker_1567,Novice,9
1568,Maker_1568,Intermediate,0
1569,Maker_1569,Experienced,6
1570,Maker_1570,Novice,4
1571,Maker_1571,Intermediate,0
1572,Maker_1572,Intermediate,8
1573,Maker_1573,Intermediate,0
1574,Maker_1574,Expert,5
1575,Maker_1575,Novice,5
1576,Maker_1576,Intermediate,3
1577,Maker_1577,Experienced,1
1578,Maker_1578,Intermediate,0
1579,Maker_1579,Novice,1
1580,Maker_1580,Intermediate,0
1581,Maker_1581,Novice,3
1582,Maker_1582,Novice,3
1583,Maker_1583,Experienced,6
1584,Maker_1584,Intermediate,0
1585,Maker_1585,Expert,4
1586,Maker_1586,Experienced,7
1587,Maker_1587,Intermediate,3
1588,Maker_1588,Novice,0
1589,Maker_1589,Intermediate,0
1590,Maker_1590,Novice,0
1591,Maker_1591,Expert,2
1592,Maker_1592,Novice,2
1593,Maker_1593,Novice,9
1594,Maker_1594,Intermediate,0
1595,Maker_1595,Novice,0
1596,Maker_1596,Novice,2
1597,Maker_1597,Intermediate,4
1598,Maker_1598,Novice,7
1599,Maker_1599,Novice,4
1600,Maker_1600,Novice,1
1601,Maker_1601,Experienced,2
1602,Maker_1602,Intermediate,5
1603,Maker_1603,Intermediate,1
1604,Maker_1604,Intermediate,0
1605,Maker_1605,Novice,0
1606,Maker_1606,Expert,0
1607,Maker_1607,Novice,3
1608,Maker_1608,Intermediate,0
1609,Maker_1609,Experienced,0
1610,Maker_1610,Experienced,0
1611,Maker_1611,Novice,1
1612,Maker_1612,Novice,0
1613,Maker_1613,Experienced,2
1614,Maker_1614,Novice,0
1615,Maker_1615,Experienced,0
1616,Maker_1616,Experienced,1
1617,Maker_1617,Experienced,0
1618,Maker_1618,Novice,0
1619,Maker_1619,Experienced,0
1620,Maker_1620,Intermediate,5
1621,Maker_1621,Experienced,2
1622,Maker_1622,Novice,0
1623,Maker_1623,Novice,0
1624,Maker_1624,Novice,8
1625,Maker_1625,Novice,2
1626,Maker_1626,Intermediate,1
1627,Maker_1627,Expert,3
1628,Maker_1628,Novice,3
1629,Maker_1629,Experienced,3
1630,Maker_1630,Novice,1
1631,Maker_1631,Novice,1
1632,Maker_1632,Novice,0
1633,Maker_1633,Novice,6
1634,Maker_1634,Expert,2
1635,Maker_1635,Novice,0
1636,Maker_1636,Intermediate,6
1637,Maker_1637,Intermediate,6
1638,Maker_1638,Expert,9
1639,Maker_1639,Novice,5
1640,Maker_1640,Novice,10
1641,Maker_1641,Novice,0
1642,Maker_1642,Intermediate,4
1643,Maker_1643,Novice,4
1644,Maker_1644,Experienced,0
1645,Maker_1645,Intermediate,0
1646,Maker_1646,Intermediate,8
1647,Maker_1647,Intermediate,0
1648,Maker_1648,Novice,5
1649,Maker_1649,Intermediate,0
1650,Maker_1650,Expert,0
1651,Maker_1651,Experienced,1
1652,Maker_1652,Experienced,0
1653,Maker_1653,Experienced,2
1654,Maker_1654,Novice,1
1655,Maker_1655,Novice,0
1656,Maker_1656,Novice,0
1657,Maker_1657,Novice,0
1658,Maker_1658,Novice,0
1659,Maker_1659,Intermediate,3
1660,Maker_1660,Intermediate,1
1661,Maker_1661,Experienced,0
1662,Maker_1662,Experienced,1
1663,Maker_1663,Expert,0
1664,Maker_1664,Novice,0
1665,Maker_1665,Novice,0
1666,Maker_1666,Intermediate,5
1667,Maker_1667,Novice,6
1668,Maker_1668,Novice,4
1669,Maker_1669,Novice,0
1670,Maker_1670,Novice,0
1671,Maker_1671,Intermediate,1
1672,Maker_1672,Intermediate,3
1673,Maker_1673,Intermediate,10
1674,Maker_1674,Intermediate,0
1675,Maker_1675,Novice,0
1676,Maker_1676,Novice,2
1677,Maker_1677,Novice,4
1678,Maker_1678,Novice,4
1679,Maker_1679,Experienced,2
1680,Maker_1680,Experienced,7
1681,Maker_1681,Intermediate,1
1682,Maker_1682,Novice,6
1683,Maker_1683,Intermediate,8
1684,Maker_1684,Intermediate,4
1685,Maker_1685,Intermediate,0
1686,Maker_1686,Intermediate,0
1687,Maker_1687,Intermediate,1
1688,Maker_1688,Intermediate,1
1689,Maker_1689,Experienced,5
1690,Maker_1690,Novice,0
1691,Maker_1691,Experienced,0
1692,Maker_1692,Novice,3
1693,Maker_1693,Novice,0
1694,Maker_1694,Expert,0
1695,Maker_1695,Expert,0
1696,Maker_1696,Novice,2
1697,Maker_1697,Intermediate,0
1698,Maker_1698,Novice,5
1699,Maker_1699,Intermediate,1
1700,Maker_1700,Experienced,6
1701,Maker_1701,Expert,1
1702,Maker_1702,Intermediate,0
1703,Maker_1703,Novice,0
1704,Maker_1704,Intermediate,0
1705,Maker_1705,Novice,1
1706,Maker_1706,Expert,0
1707,Maker_1707,Experienced,0
1708,Maker_1708,Intermediate,1
1709,Maker_1709,Novice,0
1710,Maker_1710,Novice,0
1711,Maker_1711,Novice,3
1712,Maker_1712,Experienced,7
1713,Maker_1713,Intermediate,0
1714,Maker_1714,Novice,0
1715,Maker_1715,Intermediate,8
1716,Maker_1716,Experienced,0
1717,Maker_1717,Novice,8
1718,Maker_1718,Experienced,0
1719,Maker_1719,Experienced,5
1720,Maker_1720,Expert,0
1721,Maker_1721,Novice,7
1722,Maker_1722,Novice,0
1723,Maker_1723,Novice,2
1724,Maker_1724,Novice,0
1725,Maker_1725,Novice,0
1726,Maker_1726,Intermediate,3
1727,Maker_1727,Intermediate,1
1728,Maker_1728,Experienced,6
1729,Maker_1729,Novice,1
1730,Maker_1730,Intermediate,5
1731,Maker_1731,Experienced,1
1732,Maker_1732,Experienced,8
1733,Maker_1733,Experienced,7
1734,Maker_1734,Experienced,0
1735,Maker_1735,Expert,5
1736,Maker_1736,Novice,4
1737,Maker_1737,Intermediate,0
1738,Maker_1738,Novice,2
1739,Maker_1739,Novice,0
1740,Maker_1740,Novice,4
1741,Maker_1741,Novice,0
1742,Maker_1742,Novice,0
1743,Maker_1743,Novice,1
1744,Maker_1744,Novice,1
1745,Maker_1745,Expert,5
1746,Maker_1746,Novice,8
1747,Maker_1747,Experienced,1
1748,Maker_1748,Novice,0
1749,Maker_1749,Expert,3
1750,Maker_1750,Experienced,1
1751,Maker_1751,Intermediate,1
1752,Maker_1752,Intermediate,0
1753,Maker_1753,Novice,1
1754,Maker_1754,Expert,0
1755,Maker_1755,Experienced,3
1756,Maker_1756,Experienced,1
1757,Maker_1757,Intermediate,5
1758,Maker_1758,Novice,1
1759,Maker_1759,Experienced,0
1760,Maker_1760,Novice,5
1761,Maker_1761,Intermediate,1
1762,Maker_1762,Novice,0
1763,Maker_1763,Expert,2
1764,Maker_1764,Novice,0
1765,Maker_1765,Novice,4
1766,Maker_1766,Intermediate,1
1767,Maker_1767,Experienced,3
1768,Maker_1768,Intermediate,0
1769,Maker_1769,Novice,0
1770,Maker_1770,Novice,9
1771,Maker_1771,Experienced,4
1772,Maker_1772,Expert,0
1773,Maker_1773,Experienced,0
1774,Maker_1774,Intermediate,0
1775,Maker_1775,Expert,2
1776,Maker_1776,Intermediate,3
1777,Maker_1777,Intermediate,3
1778,Maker_1778,Intermediate,1
1779,Maker_1779,Intermediate,4
1780,Maker_1780,Experienced,1
1781,Maker_1781,Intermediate,0
1782,Maker_1782,Novice,1
1783,Maker_1783,Novice,7
1784,Maker_1784,Novice,3
1785,Maker_1785,Intermediate,1
1786,Maker_1786,Novice,2
1787,Maker_1787,Novice,7
1788,Maker_1788,Intermediate,1
1789,Maker_1789,Intermediate,0
1790,Maker_1790,Experienced,8
1791,Maker_1791,Intermediate,5
1792,Maker_1792,Experienced,0
1793,Maker_1793,Expert,1
1794,Maker_1794,Experienced,1
1795,Maker_1795,Intermediate,0
1796,Maker_1796,Novice,7
1797,Maker_1797,Expert,1
1798,Maker_1798,Novice,5
1799,Maker_1799,Novice,0
1800,Maker_1800,Intermediate,1
1801,Maker_1801,Novice,0
1802,Maker_1802,Expert,3
1803,Maker_1803,Intermediate,1
1804,Maker_1804,Intermediate,2
1805,Maker_1805,Intermediate,0
1806,Maker_1806,Intermediate,0
1807,Maker_1807,Novice,0
1808,Maker_1808,Intermediate,0
1809,Maker_1809,Experienced,2
1810,Maker_1810,Intermediate,1
1811,Maker_1811,Experienced,2
1812,Maker_1812,Novice,1
1813,Maker_1813,Novice,0
1814,Maker_1814,Novice,0
1815,Maker_1815,Novice,0
1816,Maker_1816,Experienced,4
1817,Maker_1817,Experienced,2
1818,Maker_1818,Novice,0
1819,Maker_1819,Intermediate,0
1820,Maker_1820,Experienced,5
1821,Maker_1821,Novice,3
1822,Maker_1822,Novice,2
1823,Maker_1823,Expert,1
1824,Maker_1824,Intermediate,0
1825,Maker_1825,Expert,8
1826,Maker_1826,Novice,3
1827,Maker_1827,Experienced,0
1828,Maker_1828,Novice,4
1829,Maker_1829,Novice,3
1830,Maker_1830,Intermediate,0
1831,Maker_1831,Novice,1
1832,Maker_1832,Novice,0
1833,Maker_1833,Novice,0
1834,Maker_1834,Novice,3
1835,Maker_1835,Experienced,0
1836,Maker_1836,Intermediate,4
1837,Maker_1837,Novice,10
1838,Maker_1838,Novice,0
1839,Maker_1839,Novice,1
1840,Maker_1840,Intermediate,4
1841,Maker_1841,Novice,3
1842,Maker_1842,Experienced,3
1843,Maker_1843,Novice,0
1844,Maker_1844,Novice,1
1845,Maker_1845,Experienced,1
1846,Maker_1846,Experienced,8
1847,Maker_1847,Novice,0
1848,Maker_1848,Experienced,6
1849,Maker_1849,Intermediate,0
1850,Maker_1850,Experienced,9
1851,Maker_1851,Intermediate,2
1852,Maker_1852,Intermediate,1
1853,Maker_1853,Expert,2
1854,Maker_1854,Novice,0
1855,Maker_1855,Intermediate,0
1856,Maker_1856,Intermediate,0
1857,Maker_1857,Novice,0
1858,Maker_1858,Novice,0
1859,Maker_1859,Novice,3
1860,Maker_1860,Intermediate,2
1861,Maker_1861,Intermediate,0
1862,Maker_1862,Intermediate,5
1863,Maker_1863,Novice,2
1864,Maker_1864,Intermediate,8
1865,Maker_1865,Expert,2
1866,Maker_1866,Novice,0
1867,Maker_1867,Intermediate,1
1868,Maker_1868,Experienced,2
1869,Maker_1869,Experienced,0
1870,Maker_1870,Intermediate,0
1871,Maker_1871,Experienced,0
1872,Maker_1872,Novice,0
1873,Maker_1873,Experienced,1
1874,Maker_1874,Novice,1
1875,Maker_1875,Novice,0
1876,Maker_1876,Novice,2
1877,Maker_1877,Experienced,1
1878,Maker_1878,Intermediate,0
1879,Maker_1879,Novice,0
1880,Maker_1880,Novice,0
1881,Maker_1881,Expert,0
1882,Maker_1882,Experienced,0
1883,Maker_1883,Intermediate,0
1884,Maker_1884,Intermediate,2
1885,Maker_1885,Intermediate,1
1886,Maker_1886,Novice,0
1887,Maker_1887,Expert,0
1888,Maker_1888,Novice,2
1889,Maker_1889,Intermediate,5
1890,Maker_1890,Novice,3
1891,Maker_1891,Intermediate,1
1892,Maker_1892,Intermediate,0
1893,Maker_1893,Intermediate,0
1894,Maker_1894,Novice,5
1895,Maker_1895,Intermediate,0
1896,Maker_1896,Novice,9
1897,Maker_1897,Novice,2
1898,Maker_1898,Novice,2
1899,Maker_1899,Experienced,0
1900,Maker_1900,Intermediate,2
1901,Maker_1901,Intermediate,1
1902,Maker_1902,Experienced,0
1903,Maker_1903,Intermediate,0
1904,Maker_1904,Intermediate,5
1905,Maker_1905,Novice,1
1906,Maker_1906,Novice,1
1907,Maker_1907,Intermediate,0
1908,Maker_1908,Intermediate,3
1909,Maker_1909,Experienced,3
1910,Maker_1910,Experienced,2
1911,Maker_1911,Novice,1
1912,Maker_1912,Novice,1
1913,Maker_1913,Intermediate,1
1914,Maker_1914,Novice,0
1915,Maker_1915,Novice,7
1916,Maker_1916,Experienced,1
1917,Maker_1917,Novice,0
1918,Maker_1918,Expert,1
1919,Maker_1919,Experienced,4
1920,Maker_1920,Experienced,0
1921,Maker_1921,Novice,0
1922,Maker_1922,Novice,2
1923,Maker_1923,Intermediate,0
1924,Maker_1924,Novice,3
1925,Maker_1925,Novice,0
1926,Maker_1926,Novice,3
1927,Maker_1927,Novice,0
1928,Maker_1928,Novice,0
1929,Maker_1929,Experienced,5
1930,Maker_1930,Novice,1
1931,Maker_1931,Novice,0
1932,Maker_1932,Intermediate,0
1933,Maker_1933,Expert,2
1934,Maker_1934,Novice,1
1935,Maker_1935,Novice,10
1936,Maker_1936,Intermediate,9
1937,Maker_1937,Expert,2
1938,Maker_1938,Experienced,1
1939,Maker_1939,Intermediate,1
1940,Maker_1940,Novice,2
1941,Maker_1941,Intermediate,0
1942,Maker_1942,Novice,0
1943,Maker_1943,Intermediate,0
1944,Maker_1944,Experienced,0
1945,Maker_1945,Expert,0
1946,Maker_1946,Novice,1
1947,Maker_1947,Novice,3
1948,Maker_1948,Intermediate,1
1949,Maker_1949,Experienced,0
1950,Maker_1950,Experienced,0
1951,Maker_1951,Novice,1
1952,Maker_1952,Novice,0
1953,Maker_1953,Intermediate,2
1954,Maker_1954,Novice,8
1955,Maker_1955,Experienced,0
1956,Maker_1956,Intermediate,0
1957,Maker_1957,Experienced,1
1958,Maker_1958,Intermediate,8
1959,Maker_1959,Experienced,3
1960,Maker_1960,Novice,5
1961,Maker_1961,Experienced,0
1962,Maker_1962,Novice,10
1963,Maker_1963,Intermediate,0
1964,Maker_1964,Novice,0
1965,Maker_1965,Intermediate,5
1966,Maker_1966,Novice,6
1967,Maker_1967,Novice,0
1968,Maker_1968,Expert,0
1969,Maker_1969,Novice,0
1970,Maker_1970,Experienced,0
1971,Maker_1971,Expert,0
1972,Maker_1972,Novice,8
1973,Maker_1973,Intermediate,2
1974,Maker_1974,Novice,3
1975,Maker_1975,Novice,3
1976,Maker_1976,Intermediate,1
1977,Maker_1977,Expert,3
1978,Maker_1978,Novice,1
1979,Maker_1979,Intermediate,0
1980,Maker_1980,Intermediate,1
1981,Maker_1981,Experienced,1
1982,Maker_1982,Novice,4
1983,Maker_1983,Intermediate,9
1984,Maker_1984,Intermediate,1
1985,Maker_1985,Intermediate,3
1986,Maker_1986,Expert,0
1987,Maker_1987,Experienced,3
1988,Maker_1988,Novice,0
1989,Maker_1989,Intermediate,0
1990,Maker_1990,Novice,0
1991,Maker_1991,Novice,2
1992,Maker_1992,Intermediate,0
1993,Maker_1993,Novice,6
1994,Maker_1994,Intermediate,0
1995,Maker_1995,Expert,7
1996,Maker_1996,Novice,3
1997,Maker_1997,Expert,0
1998,Maker_1998,Intermediate,0
1999,Maker_1999,Intermediate,3
2000,Maker_2000,Experienced,2
